{"(0.001, 5)": [[97.95, 98.42, 98.92999999999999, 98.92999999999999, 99.05000000000001], [0.004360529542871518, 0.002909526363898476, 0.0024034603368776517, 0.002409986498982107, 0.0024142959459106466]], "(0.001, 10)": [[97.77, 98.66, 98.8, 98.99, 98.71, 98.91, 98.95, 98.63, 98.83, 98.96000000000001], [0.004631823663436807, 0.0027388164691881686, 0.0026464507554263945, 0.0022742193622798594, 0.0028325192175052733, 0.0029745208855149713, 0.002523898225508583, 0.0036683954589654265, 0.0025784707732866875, 0.002972342624382863]], "(0.003, 5)": [[98.11999999999999, 97.36, 98.34, 98.44000000000001, 98.37], [0.004213603041821625, 0.005520659269441967, 0.0037766752353101765, 0.0031083191765286073, 0.003736750778888222]], "(0.003, 10)": [[97.94, 98.44000000000001, 97.61, 98.45, 98.42999999999999, 98.44000000000001, 98.5, 98.11, 98.55000000000001, 98.5], [0.004325915027925657, 0.0033108000868440285, 0.004797626521253824, 0.0035433408306060074, 0.003592625405735754, 0.0036664755252556517, 0.003573694909823587, 0.005160407489636694, 0.0037408754997088154, 0.0044946766575335705]], "(0.01, 5)": [[10.61, 11.29, 10.61, 10.61, 10.0], [0.1439216845035553, 0.14388842499256135, 0.1439531006336212, 0.14389977517127991, 0.14397236206531525]], "(0.01, 10)": [[95.53, 90.97, 96.24000000000001, 95.91, 95.81, 96.22, 95.34, 96.36, 95.55, 95.76], [0.009441975077959068, 0.025247889749146272, 0.009250791686975571, 0.011174802828922475, 0.00900994038025674, 0.009160510852000153, 0.009631995118875056, 0.008381582157319644, 0.009012636241782456, 0.009037982574111083]], "(0.03, 5)": [[11.29, 10.0, 10.61, 11.29, 11.29], [0.14436799702644348, 0.14428300426006316, 0.1441973602771759, 0.14388362040519714, 0.14402722096443177]], "(0.03, 10)": [[11.29, 9.85, 10.61, 11.29, 11.29, 11.29, 10.0, 10.38, 9.69, 9.85], [0.14420331902503966, 0.14408266882896423, 0.14421328201293945, 0.14425832314491271, 0.14398172647953034, 0.14410619297027588, 0.14435771565437316, 0.14430065648555757, 0.14396886875629425, 0.14424447944164276]]}